<?xml version="1.0" encoding="utf-8"?>
<content id="simple_menu_api" name="Simple Menu API" description="API support for menu creation from MD." author="SirNukes" version="012" date="2019-10-14" save="false" sync="false">
  <!-- Maybe fill out individual languages. -->
  <langugage description="" language="7"/>
  <langugage description="" language="33"/>
  <langugage description="" language="37"/>
  <langugage description="" language="39"/>
  <langugage description="API support for menu creation from MD." language="44"/>
  <langugage description="" language="49"/>
  <langugage description="" language="55"/>
  <langugage description="" language="81"/>
  <langugage description="" language="82"/>
  <langugage description="" language="86"/>
  <langugage description="" language="88"/>
</content>
