<?xml version="1.0" encoding="utf-8"?>
<content id="Debug For All" name="Debug For All"  description="Debug For All" author="albysmith" version="2" date="2018-01-09" save="0" >
 <text language="7" name="Debug For All" description="Debug For All" author="albysmith" />
 <text language="33" name="Debug For All" description="Debug For All" author="albysmith" />
 <text language="34" name="Debug For All" description="Debug For All" author="albysmith" />
 <text language="39" name="Debug For All" description="Debug For All" author="albysmith" />
 <text language="44" name="Debug For All" description="Debug For All" author="albysmith" />
 <text language="49" name="Debug For All" description="Debug For All" author="albysmith" />
 <text language="55" name="Debug For All" description="Debug For All" author="albysmith" />
 <text language="81" name="Debug For All" description="Debug For All" author="albysmith" />
 <text language="82" name="Debug For All" description="Debug For All" author="albysmith" />
 <text language="86" name="Debug For All" description="Debug For All" author="albysmith" />
 <text language="88" name="Debug For All" description="Debug For All" author="albysmith" />
</content>
